entity:hprc_16x_id	05_ccs_jedi_vcf	05_ont_jedi_vcf	07_ccs_jedi_vcf	08_ccs_jedi_vcf	08_ont_jedi_vcf	09_ccs_jedi_vcf	09_ont_jedi_vcf
HG002	gs://fc-47cafb43-6f94-4d16-a9b7-3c19de340d08/submissions/057a367d-f203-4378-b933-c4f88cdbd5e2/SvjediGenotyper/19292676-de73-4322-a9e4-0a5d2aa51629/call-SvjediGenotyper/kanpig_experiments/svjedi_regenotyped.vcf.gz	gs://fc-47cafb43-6f94-4d16-a9b7-3c19de340d08/submissions/27479f05-0455-4866-8d5f-7fd2512966d1/SvjediGenotyper/f657deb7-bd02-42fa-ba87-7d552461d3f6/call-SvjediGenotyper/kanpig_experiments/svjedi_regenotyped.vcf.gz	gs://fc-47cafb43-6f94-4d16-a9b7-3c19de340d08/submissions/5d6a00a5-42fe-4977-9994-cf266ec50196/SvjediGenotyper/b7982b51-5c54-437f-b8ad-b62f630d3c80/call-SvjediGenotyper/kanpig_experiments/svjedi_regenotyped.vcf.gz	gs://fc-47cafb43-6f94-4d16-a9b7-3c19de340d08/submissions/f440f18f-338b-4ec9-b8d2-1c6e4571f671/SvjediGenotyper/c818c553-41f9-422f-9b7f-99c01fed3cec/call-SvjediGenotyper/kanpig_experiments/svjedi_regenotyped.vcf.gz	gs://fc-47cafb43-6f94-4d16-a9b7-3c19de340d08/submissions/03575012-318d-4019-8eaf-8f1df04aaa87/SvjediGenotyper/21572914-5a70-4f06-a156-9253015411d6/call-SvjediGenotyper/kanpig_experiments/svjedi_regenotyped.vcf.gz	gs://fc-47cafb43-6f94-4d16-a9b7-3c19de340d08/submissions/f480f660-922e-49e8-add4-1be8e66a3dd5/SvjediGenotyper/01981e40-6cd5-4c9d-92d6-f1237fb66cf5/call-SvjediGenotyper/kanpig_experiments/svjedi_regenotyped.vcf.gz	gs://fc-47cafb43-6f94-4d16-a9b7-3c19de340d08/submissions/62742ed6-fcf9-4691-a6c3-cc182d9e1ae6/SvjediGenotyper/f90c2e42-5d77-405a-9d48-39074e82ff8d/call-SvjediGenotyper/kanpig_experiments/svjedi_regenotyped.vcf.gz
HG00438	gs://fc-47cafb43-6f94-4d16-a9b7-3c19de340d08/submissions/057a367d-f203-4378-b933-c4f88cdbd5e2/SvjediGenotyper/af5cad37-410b-4b19-9943-a39d754da6e1/call-SvjediGenotyper/kanpig_experiments/svjedi_regenotyped.vcf.gz	gs://fc-47cafb43-6f94-4d16-a9b7-3c19de340d08/submissions/27479f05-0455-4866-8d5f-7fd2512966d1/SvjediGenotyper/19386560-885d-4c86-80bc-c4605615e12d/call-SvjediGenotyper/kanpig_experiments/svjedi_regenotyped.vcf.gz		gs://fc-47cafb43-6f94-4d16-a9b7-3c19de340d08/submissions/f440f18f-338b-4ec9-b8d2-1c6e4571f671/SvjediGenotyper/fe3cf248-7757-49d4-bafa-eb642f5f42b5/call-SvjediGenotyper/kanpig_experiments/svjedi_regenotyped.vcf.gz	gs://fc-47cafb43-6f94-4d16-a9b7-3c19de340d08/submissions/03575012-318d-4019-8eaf-8f1df04aaa87/SvjediGenotyper/45f082ce-1444-4411-89fb-939e57e50672/call-SvjediGenotyper/kanpig_experiments/svjedi_regenotyped.vcf.gz	gs://fc-47cafb43-6f94-4d16-a9b7-3c19de340d08/submissions/f480f660-922e-49e8-add4-1be8e66a3dd5/SvjediGenotyper/e8c469a1-da7d-449d-9f78-bbd9f55c4777/call-SvjediGenotyper/kanpig_experiments/svjedi_regenotyped.vcf.gz	gs://fc-47cafb43-6f94-4d16-a9b7-3c19de340d08/submissions/62742ed6-fcf9-4691-a6c3-cc182d9e1ae6/SvjediGenotyper/7c2e2970-c223-4f0f-a43b-408b40ddb568/call-SvjediGenotyper/kanpig_experiments/svjedi_regenotyped.vcf.gz
HG005	gs://fc-47cafb43-6f94-4d16-a9b7-3c19de340d08/submissions/057a367d-f203-4378-b933-c4f88cdbd5e2/SvjediGenotyper/dc2f6227-6e08-43bd-b8e2-c17299b3bb2d/call-SvjediGenotyper/kanpig_experiments/svjedi_regenotyped.vcf.gz	gs://fc-47cafb43-6f94-4d16-a9b7-3c19de340d08/submissions/27479f05-0455-4866-8d5f-7fd2512966d1/SvjediGenotyper/e24d290d-e08b-43a6-897b-460d408e2330/call-SvjediGenotyper/kanpig_experiments/svjedi_regenotyped.vcf.gz		gs://fc-47cafb43-6f94-4d16-a9b7-3c19de340d08/submissions/f440f18f-338b-4ec9-b8d2-1c6e4571f671/SvjediGenotyper/93a0d852-64fb-4ab1-9cd7-330911839985/call-SvjediGenotyper/kanpig_experiments/svjedi_regenotyped.vcf.gz	gs://fc-47cafb43-6f94-4d16-a9b7-3c19de340d08/submissions/03575012-318d-4019-8eaf-8f1df04aaa87/SvjediGenotyper/a22071fa-ace3-4fcd-a16d-e15e38504307/call-SvjediGenotyper/kanpig_experiments/svjedi_regenotyped.vcf.gz	gs://fc-47cafb43-6f94-4d16-a9b7-3c19de340d08/submissions/f480f660-922e-49e8-add4-1be8e66a3dd5/SvjediGenotyper/cc6deefa-0291-48cd-8727-c611370bee07/call-SvjediGenotyper/kanpig_experiments/svjedi_regenotyped.vcf.gz	gs://fc-47cafb43-6f94-4d16-a9b7-3c19de340d08/submissions/62742ed6-fcf9-4691-a6c3-cc182d9e1ae6/SvjediGenotyper/26da06e9-f6b5-4bd7-a607-3be976cb7cb6/call-SvjediGenotyper/kanpig_experiments/svjedi_regenotyped.vcf.gz
HG00621	gs://fc-47cafb43-6f94-4d16-a9b7-3c19de340d08/submissions/057a367d-f203-4378-b933-c4f88cdbd5e2/SvjediGenotyper/42c27712-a60d-4830-b99c-b7d970f930dd/call-SvjediGenotyper/kanpig_experiments/svjedi_regenotyped.vcf.gz	gs://fc-47cafb43-6f94-4d16-a9b7-3c19de340d08/submissions/27479f05-0455-4866-8d5f-7fd2512966d1/SvjediGenotyper/1d85edd7-1a7b-434d-a93e-c13f7d6bb37a/call-SvjediGenotyper/kanpig_experiments/svjedi_regenotyped.vcf.gz	gs://fc-47cafb43-6f94-4d16-a9b7-3c19de340d08/submissions/5d6a00a5-42fe-4977-9994-cf266ec50196/SvjediGenotyper/47b5e3f4-9e1e-40bd-b854-2ff79357d762/call-SvjediGenotyper/kanpig_experiments/svjedi_regenotyped.vcf.gz	gs://fc-47cafb43-6f94-4d16-a9b7-3c19de340d08/submissions/f440f18f-338b-4ec9-b8d2-1c6e4571f671/SvjediGenotyper/a893a834-5cc6-4993-9680-c92ba3466dee/call-SvjediGenotyper/kanpig_experiments/svjedi_regenotyped.vcf.gz	gs://fc-47cafb43-6f94-4d16-a9b7-3c19de340d08/submissions/03575012-318d-4019-8eaf-8f1df04aaa87/SvjediGenotyper/de2cc0e1-0934-45e6-95e0-92f827a9016a/call-SvjediGenotyper/kanpig_experiments/svjedi_regenotyped.vcf.gz	gs://fc-47cafb43-6f94-4d16-a9b7-3c19de340d08/submissions/f480f660-922e-49e8-add4-1be8e66a3dd5/SvjediGenotyper/812cde48-1353-461e-aefa-75a0345fb3ce/call-SvjediGenotyper/kanpig_experiments/svjedi_regenotyped.vcf.gz	gs://fc-47cafb43-6f94-4d16-a9b7-3c19de340d08/submissions/62742ed6-fcf9-4691-a6c3-cc182d9e1ae6/SvjediGenotyper/fad36f1a-cc9e-49c4-b621-2eaa373d6f71/call-SvjediGenotyper/kanpig_experiments/svjedi_regenotyped.vcf.gz
HG00673	gs://fc-47cafb43-6f94-4d16-a9b7-3c19de340d08/submissions/057a367d-f203-4378-b933-c4f88cdbd5e2/SvjediGenotyper/87fc42ee-55c9-42dd-90d2-84299e2a67be/call-SvjediGenotyper/kanpig_experiments/svjedi_regenotyped.vcf.gz	gs://fc-47cafb43-6f94-4d16-a9b7-3c19de340d08/submissions/27479f05-0455-4866-8d5f-7fd2512966d1/SvjediGenotyper/ebc6e5e5-5cd8-46d4-b8e9-4b709a0ae596/call-SvjediGenotyper/kanpig_experiments/svjedi_regenotyped.vcf.gz	gs://fc-47cafb43-6f94-4d16-a9b7-3c19de340d08/submissions/5d6a00a5-42fe-4977-9994-cf266ec50196/SvjediGenotyper/8b232b55-942a-4240-a81c-f823ae9153f7/call-SvjediGenotyper/kanpig_experiments/svjedi_regenotyped.vcf.gz	gs://fc-47cafb43-6f94-4d16-a9b7-3c19de340d08/submissions/f440f18f-338b-4ec9-b8d2-1c6e4571f671/SvjediGenotyper/2efea9d7-9364-4ec2-918c-120e165f1d20/call-SvjediGenotyper/kanpig_experiments/svjedi_regenotyped.vcf.gz	gs://fc-47cafb43-6f94-4d16-a9b7-3c19de340d08/submissions/03575012-318d-4019-8eaf-8f1df04aaa87/SvjediGenotyper/0cdc0e37-dac6-44a8-bd8f-ab5ae583590e/call-SvjediGenotyper/kanpig_experiments/svjedi_regenotyped.vcf.gz	gs://fc-47cafb43-6f94-4d16-a9b7-3c19de340d08/submissions/f480f660-922e-49e8-add4-1be8e66a3dd5/SvjediGenotyper/e7471631-e7af-4856-8d52-a69c0eefec3b/call-SvjediGenotyper/kanpig_experiments/svjedi_regenotyped.vcf.gz	gs://fc-47cafb43-6f94-4d16-a9b7-3c19de340d08/submissions/62742ed6-fcf9-4691-a6c3-cc182d9e1ae6/SvjediGenotyper/ad99e516-d249-487c-a8a8-86a583be1a8a/call-SvjediGenotyper/kanpig_experiments/svjedi_regenotyped.vcf.gz
HG00733	gs://fc-47cafb43-6f94-4d16-a9b7-3c19de340d08/submissions/057a367d-f203-4378-b933-c4f88cdbd5e2/SvjediGenotyper/62c5c087-07a4-4416-8a9a-54a514caab8c/call-SvjediGenotyper/kanpig_experiments/svjedi_regenotyped.vcf.gz	gs://fc-47cafb43-6f94-4d16-a9b7-3c19de340d08/submissions/27479f05-0455-4866-8d5f-7fd2512966d1/SvjediGenotyper/f4f30626-ade0-4a4e-8267-eb265bd35595/call-SvjediGenotyper/kanpig_experiments/svjedi_regenotyped.vcf.gz		gs://fc-47cafb43-6f94-4d16-a9b7-3c19de340d08/submissions/f440f18f-338b-4ec9-b8d2-1c6e4571f671/SvjediGenotyper/cab3483e-1d23-4e82-8861-43fc5282d2c2/call-SvjediGenotyper/kanpig_experiments/svjedi_regenotyped.vcf.gz	gs://fc-47cafb43-6f94-4d16-a9b7-3c19de340d08/submissions/03575012-318d-4019-8eaf-8f1df04aaa87/SvjediGenotyper/3768aa02-8699-4a52-a8ba-ba15739a7bae/call-SvjediGenotyper/kanpig_experiments/svjedi_regenotyped.vcf.gz	gs://fc-47cafb43-6f94-4d16-a9b7-3c19de340d08/submissions/f480f660-922e-49e8-add4-1be8e66a3dd5/SvjediGenotyper/d79e9eb8-43de-484e-8205-11a65c9e54ae/call-SvjediGenotyper/kanpig_experiments/svjedi_regenotyped.vcf.gz	gs://fc-47cafb43-6f94-4d16-a9b7-3c19de340d08/submissions/62742ed6-fcf9-4691-a6c3-cc182d9e1ae6/SvjediGenotyper/4123851c-79a0-4c17-95da-cbd7d92c3f07/call-SvjediGenotyper/kanpig_experiments/svjedi_regenotyped.vcf.gz
HG00735	gs://fc-47cafb43-6f94-4d16-a9b7-3c19de340d08/submissions/057a367d-f203-4378-b933-c4f88cdbd5e2/SvjediGenotyper/28b594dd-d229-4f23-beda-5502753077b3/call-SvjediGenotyper/kanpig_experiments/svjedi_regenotyped.vcf.gz	gs://fc-47cafb43-6f94-4d16-a9b7-3c19de340d08/submissions/27479f05-0455-4866-8d5f-7fd2512966d1/SvjediGenotyper/55900ae5-98f1-4ecf-9090-ac1a729dab8a/call-SvjediGenotyper/kanpig_experiments/svjedi_regenotyped.vcf.gz	gs://fc-47cafb43-6f94-4d16-a9b7-3c19de340d08/submissions/5d6a00a5-42fe-4977-9994-cf266ec50196/SvjediGenotyper/e7da5771-5a59-4f7c-9c9e-92f779f97e00/call-SvjediGenotyper/kanpig_experiments/svjedi_regenotyped.vcf.gz	gs://fc-47cafb43-6f94-4d16-a9b7-3c19de340d08/submissions/f440f18f-338b-4ec9-b8d2-1c6e4571f671/SvjediGenotyper/4f38c5ab-8589-4234-99a3-2aad7867b46a/call-SvjediGenotyper/kanpig_experiments/svjedi_regenotyped.vcf.gz	gs://fc-47cafb43-6f94-4d16-a9b7-3c19de340d08/submissions/03575012-318d-4019-8eaf-8f1df04aaa87/SvjediGenotyper/a3d32ced-7fca-4a71-a301-3bae924f0eb7/call-SvjediGenotyper/kanpig_experiments/svjedi_regenotyped.vcf.gz	gs://fc-47cafb43-6f94-4d16-a9b7-3c19de340d08/submissions/f480f660-922e-49e8-add4-1be8e66a3dd5/SvjediGenotyper/2ea83ece-db6b-435d-bf33-4997afc071b1/call-SvjediGenotyper/kanpig_experiments/svjedi_regenotyped.vcf.gz	gs://fc-47cafb43-6f94-4d16-a9b7-3c19de340d08/submissions/62742ed6-fcf9-4691-a6c3-cc182d9e1ae6/SvjediGenotyper/205b227e-3087-4577-9f88-7c67a000f151/call-SvjediGenotyper/kanpig_experiments/svjedi_regenotyped.vcf.gz
HG00741	gs://fc-47cafb43-6f94-4d16-a9b7-3c19de340d08/submissions/057a367d-f203-4378-b933-c4f88cdbd5e2/SvjediGenotyper/70bde65f-d176-45d2-b990-a89318d91339/call-SvjediGenotyper/kanpig_experiments/svjedi_regenotyped.vcf.gz	gs://fc-47cafb43-6f94-4d16-a9b7-3c19de340d08/submissions/27479f05-0455-4866-8d5f-7fd2512966d1/SvjediGenotyper/91ed3d60-0cd5-43ee-a3fe-6c9fedd076d3/call-SvjediGenotyper/kanpig_experiments/svjedi_regenotyped.vcf.gz		gs://fc-47cafb43-6f94-4d16-a9b7-3c19de340d08/submissions/f440f18f-338b-4ec9-b8d2-1c6e4571f671/SvjediGenotyper/b4a07754-4c23-4eb3-a6d0-34dac4a55b95/call-SvjediGenotyper/kanpig_experiments/svjedi_regenotyped.vcf.gz	gs://fc-47cafb43-6f94-4d16-a9b7-3c19de340d08/submissions/03575012-318d-4019-8eaf-8f1df04aaa87/SvjediGenotyper/fc25a486-7809-4ce2-b3b8-d2b05ccab79a/call-SvjediGenotyper/kanpig_experiments/svjedi_regenotyped.vcf.gz	gs://fc-47cafb43-6f94-4d16-a9b7-3c19de340d08/submissions/f480f660-922e-49e8-add4-1be8e66a3dd5/SvjediGenotyper/96f33377-2c3c-44d2-9e73-9fc2c108343d/call-SvjediGenotyper/kanpig_experiments/svjedi_regenotyped.vcf.gz	gs://fc-47cafb43-6f94-4d16-a9b7-3c19de340d08/submissions/62742ed6-fcf9-4691-a6c3-cc182d9e1ae6/SvjediGenotyper/136c35ec-9ee0-4dc4-b45a-49146c2e825f/call-SvjediGenotyper/kanpig_experiments/svjedi_regenotyped.vcf.gz
HG01071	gs://fc-47cafb43-6f94-4d16-a9b7-3c19de340d08/submissions/057a367d-f203-4378-b933-c4f88cdbd5e2/SvjediGenotyper/173175a6-1476-45a1-acdf-c1173f6b86a6/call-SvjediGenotyper/kanpig_experiments/svjedi_regenotyped.vcf.gz	gs://fc-47cafb43-6f94-4d16-a9b7-3c19de340d08/submissions/27479f05-0455-4866-8d5f-7fd2512966d1/SvjediGenotyper/3a90404f-671a-4447-9492-151a166af538/call-SvjediGenotyper/kanpig_experiments/svjedi_regenotyped.vcf.gz		gs://fc-47cafb43-6f94-4d16-a9b7-3c19de340d08/submissions/f440f18f-338b-4ec9-b8d2-1c6e4571f671/SvjediGenotyper/494b3f43-8ec4-49e0-bc50-67ae3e16365e/call-SvjediGenotyper/kanpig_experiments/svjedi_regenotyped.vcf.gz	gs://fc-47cafb43-6f94-4d16-a9b7-3c19de340d08/submissions/03575012-318d-4019-8eaf-8f1df04aaa87/SvjediGenotyper/f52b7e40-35d1-4fad-9d25-fb8fcb52c370/call-SvjediGenotyper/kanpig_experiments/svjedi_regenotyped.vcf.gz	gs://fc-47cafb43-6f94-4d16-a9b7-3c19de340d08/submissions/f480f660-922e-49e8-add4-1be8e66a3dd5/SvjediGenotyper/4eab9bf6-2d00-4602-8b3a-6c5b94166d5e/call-SvjediGenotyper/kanpig_experiments/svjedi_regenotyped.vcf.gz	gs://fc-47cafb43-6f94-4d16-a9b7-3c19de340d08/submissions/62742ed6-fcf9-4691-a6c3-cc182d9e1ae6/SvjediGenotyper/e62e2fed-f148-495e-81aa-9af02e8448d1/call-SvjediGenotyper/kanpig_experiments/svjedi_regenotyped.vcf.gz
HG01106	gs://fc-47cafb43-6f94-4d16-a9b7-3c19de340d08/submissions/057a367d-f203-4378-b933-c4f88cdbd5e2/SvjediGenotyper/081c31d9-01ae-4964-94e6-8bb7399f6202/call-SvjediGenotyper/kanpig_experiments/svjedi_regenotyped.vcf.gz	gs://fc-47cafb43-6f94-4d16-a9b7-3c19de340d08/submissions/27479f05-0455-4866-8d5f-7fd2512966d1/SvjediGenotyper/0efb63c3-f211-4791-b07d-4ee285fa51b3/call-SvjediGenotyper/kanpig_experiments/svjedi_regenotyped.vcf.gz		gs://fc-47cafb43-6f94-4d16-a9b7-3c19de340d08/submissions/f440f18f-338b-4ec9-b8d2-1c6e4571f671/SvjediGenotyper/74886f43-3e10-430e-9ea6-00ffc215eede/call-SvjediGenotyper/kanpig_experiments/svjedi_regenotyped.vcf.gz	gs://fc-47cafb43-6f94-4d16-a9b7-3c19de340d08/submissions/03575012-318d-4019-8eaf-8f1df04aaa87/SvjediGenotyper/a96afaec-06c8-4678-8895-bac5719e8774/call-SvjediGenotyper/kanpig_experiments/svjedi_regenotyped.vcf.gz	gs://fc-47cafb43-6f94-4d16-a9b7-3c19de340d08/submissions/df2b53cd-7251-4ec6-ae6c-bf8025a09d27/SvjediGenotyper/a47bb62e-67ca-4907-ad11-cc839496f9f5/call-SvjediGenotyper/kanpig_experiments/svjedi_regenotyped.vcf.gz	gs://fc-47cafb43-6f94-4d16-a9b7-3c19de340d08/submissions/62742ed6-fcf9-4691-a6c3-cc182d9e1ae6/SvjediGenotyper/71c72e53-c1b6-4bf9-86e4-a8d0190635dc/call-SvjediGenotyper/kanpig_experiments/svjedi_regenotyped.vcf.gz
HG01109	gs://fc-47cafb43-6f94-4d16-a9b7-3c19de340d08/submissions/057a367d-f203-4378-b933-c4f88cdbd5e2/SvjediGenotyper/d8648e70-c511-4b0b-ab61-e7e463180afa/call-SvjediGenotyper/kanpig_experiments/svjedi_regenotyped.vcf.gz	gs://fc-47cafb43-6f94-4d16-a9b7-3c19de340d08/submissions/27479f05-0455-4866-8d5f-7fd2512966d1/SvjediGenotyper/acb0517b-84f1-4e98-890c-36b1bcb4ea93/call-SvjediGenotyper/kanpig_experiments/svjedi_regenotyped.vcf.gz		gs://fc-47cafb43-6f94-4d16-a9b7-3c19de340d08/submissions/f440f18f-338b-4ec9-b8d2-1c6e4571f671/SvjediGenotyper/1ac5c6c3-adb2-4fb8-8a8d-55fb28403c6c/call-SvjediGenotyper/kanpig_experiments/svjedi_regenotyped.vcf.gz	gs://fc-47cafb43-6f94-4d16-a9b7-3c19de340d08/submissions/03575012-318d-4019-8eaf-8f1df04aaa87/SvjediGenotyper/1bd8dad0-380c-43da-8f29-00a582575ff3/call-SvjediGenotyper/kanpig_experiments/svjedi_regenotyped.vcf.gz	gs://fc-47cafb43-6f94-4d16-a9b7-3c19de340d08/submissions/f480f660-922e-49e8-add4-1be8e66a3dd5/SvjediGenotyper/5adce254-1c91-4dda-852d-aeebd99e1caf/call-SvjediGenotyper/kanpig_experiments/svjedi_regenotyped.vcf.gz	gs://fc-47cafb43-6f94-4d16-a9b7-3c19de340d08/submissions/62742ed6-fcf9-4691-a6c3-cc182d9e1ae6/SvjediGenotyper/65e05a3f-8360-4fa9-b050-8297aa246534/call-SvjediGenotyper/kanpig_experiments/svjedi_regenotyped.vcf.gz
HG01123	gs://fc-47cafb43-6f94-4d16-a9b7-3c19de340d08/submissions/057a367d-f203-4378-b933-c4f88cdbd5e2/SvjediGenotyper/e7555976-a5ed-40b1-a610-81020ee9821c/call-SvjediGenotyper/kanpig_experiments/svjedi_regenotyped.vcf.gz	gs://fc-47cafb43-6f94-4d16-a9b7-3c19de340d08/submissions/27479f05-0455-4866-8d5f-7fd2512966d1/SvjediGenotyper/b96d05ca-64a5-4f0d-834e-253a7ec24003/call-SvjediGenotyper/kanpig_experiments/svjedi_regenotyped.vcf.gz		gs://fc-47cafb43-6f94-4d16-a9b7-3c19de340d08/submissions/f440f18f-338b-4ec9-b8d2-1c6e4571f671/SvjediGenotyper/d5501fa7-79d1-4499-adcd-772293a42aa5/call-SvjediGenotyper/kanpig_experiments/svjedi_regenotyped.vcf.gz	gs://fc-47cafb43-6f94-4d16-a9b7-3c19de340d08/submissions/03575012-318d-4019-8eaf-8f1df04aaa87/SvjediGenotyper/3937f573-8cf3-4954-9af7-b7151e3badab/call-SvjediGenotyper/kanpig_experiments/svjedi_regenotyped.vcf.gz	gs://fc-47cafb43-6f94-4d16-a9b7-3c19de340d08/submissions/f480f660-922e-49e8-add4-1be8e66a3dd5/SvjediGenotyper/aff7a071-0501-4351-8ef7-57a60cf4369c/call-SvjediGenotyper/kanpig_experiments/svjedi_regenotyped.vcf.gz	gs://fc-47cafb43-6f94-4d16-a9b7-3c19de340d08/submissions/62742ed6-fcf9-4691-a6c3-cc182d9e1ae6/SvjediGenotyper/0567a5dd-5b03-4608-ab86-862f062c508b/call-SvjediGenotyper/kanpig_experiments/svjedi_regenotyped.vcf.gz
HG01175	gs://fc-47cafb43-6f94-4d16-a9b7-3c19de340d08/submissions/057a367d-f203-4378-b933-c4f88cdbd5e2/SvjediGenotyper/cc72c97d-712c-4fe4-bf01-68b262c16a0b/call-SvjediGenotyper/kanpig_experiments/svjedi_regenotyped.vcf.gz	gs://fc-47cafb43-6f94-4d16-a9b7-3c19de340d08/submissions/27479f05-0455-4866-8d5f-7fd2512966d1/SvjediGenotyper/ea84c556-fb5c-406b-bd9c-bb35ac080855/call-SvjediGenotyper/kanpig_experiments/svjedi_regenotyped.vcf.gz		gs://fc-47cafb43-6f94-4d16-a9b7-3c19de340d08/submissions/f440f18f-338b-4ec9-b8d2-1c6e4571f671/SvjediGenotyper/44d7755f-269a-4e6c-9834-067a179234d2/call-SvjediGenotyper/kanpig_experiments/svjedi_regenotyped.vcf.gz	gs://fc-47cafb43-6f94-4d16-a9b7-3c19de340d08/submissions/03575012-318d-4019-8eaf-8f1df04aaa87/SvjediGenotyper/ecfb9577-f3f3-415f-b92f-d101814513d8/call-SvjediGenotyper/kanpig_experiments/svjedi_regenotyped.vcf.gz	gs://fc-47cafb43-6f94-4d16-a9b7-3c19de340d08/submissions/f480f660-922e-49e8-add4-1be8e66a3dd5/SvjediGenotyper/8421abc8-79b3-43c6-b9a3-d600e8f97cc4/call-SvjediGenotyper/kanpig_experiments/svjedi_regenotyped.vcf.gz	gs://fc-47cafb43-6f94-4d16-a9b7-3c19de340d08/submissions/62742ed6-fcf9-4691-a6c3-cc182d9e1ae6/SvjediGenotyper/b2daffa5-39a8-480d-84c8-b404f9e40633/call-SvjediGenotyper/kanpig_experiments/svjedi_regenotyped.vcf.gz
HG01243	gs://fc-47cafb43-6f94-4d16-a9b7-3c19de340d08/submissions/057a367d-f203-4378-b933-c4f88cdbd5e2/SvjediGenotyper/daf1a45a-cb71-4cb1-b752-5dafbbb52e50/call-SvjediGenotyper/kanpig_experiments/svjedi_regenotyped.vcf.gz	gs://fc-47cafb43-6f94-4d16-a9b7-3c19de340d08/submissions/27479f05-0455-4866-8d5f-7fd2512966d1/SvjediGenotyper/74253db3-3127-490c-a919-8a75ee7429ba/call-SvjediGenotyper/kanpig_experiments/svjedi_regenotyped.vcf.gz		gs://fc-47cafb43-6f94-4d16-a9b7-3c19de340d08/submissions/f440f18f-338b-4ec9-b8d2-1c6e4571f671/SvjediGenotyper/a577da66-5c96-4bbd-aec6-0a4c77befb27/call-SvjediGenotyper/kanpig_experiments/svjedi_regenotyped.vcf.gz	gs://fc-47cafb43-6f94-4d16-a9b7-3c19de340d08/submissions/03575012-318d-4019-8eaf-8f1df04aaa87/SvjediGenotyper/9bd78ae6-867d-42c1-9539-ecdaa6e6795b/call-SvjediGenotyper/kanpig_experiments/svjedi_regenotyped.vcf.gz	gs://fc-47cafb43-6f94-4d16-a9b7-3c19de340d08/submissions/f480f660-922e-49e8-add4-1be8e66a3dd5/SvjediGenotyper/7f278aee-7a95-4023-9fde-43abd046416d/call-SvjediGenotyper/kanpig_experiments/svjedi_regenotyped.vcf.gz	gs://fc-47cafb43-6f94-4d16-a9b7-3c19de340d08/submissions/62742ed6-fcf9-4691-a6c3-cc182d9e1ae6/SvjediGenotyper/be972024-f68a-41f7-8c75-3360aa48dd29/call-SvjediGenotyper/kanpig_experiments/svjedi_regenotyped.vcf.gz
HG01258	gs://fc-47cafb43-6f94-4d16-a9b7-3c19de340d08/submissions/057a367d-f203-4378-b933-c4f88cdbd5e2/SvjediGenotyper/04b203fa-24d9-4c41-a039-0351b1d9f9ab/call-SvjediGenotyper/kanpig_experiments/svjedi_regenotyped.vcf.gz	gs://fc-47cafb43-6f94-4d16-a9b7-3c19de340d08/submissions/27479f05-0455-4866-8d5f-7fd2512966d1/SvjediGenotyper/f65e6198-ac7b-43cb-8c10-33d9cb28f8da/call-SvjediGenotyper/kanpig_experiments/svjedi_regenotyped.vcf.gz		gs://fc-47cafb43-6f94-4d16-a9b7-3c19de340d08/submissions/f440f18f-338b-4ec9-b8d2-1c6e4571f671/SvjediGenotyper/f9f3f836-3a5d-42ef-976f-8de8792ede3c/call-SvjediGenotyper/kanpig_experiments/svjedi_regenotyped.vcf.gz	gs://fc-47cafb43-6f94-4d16-a9b7-3c19de340d08/submissions/03575012-318d-4019-8eaf-8f1df04aaa87/SvjediGenotyper/5db3f222-a49b-493e-98ee-5d4543331016/call-SvjediGenotyper/kanpig_experiments/svjedi_regenotyped.vcf.gz	gs://fc-47cafb43-6f94-4d16-a9b7-3c19de340d08/submissions/f480f660-922e-49e8-add4-1be8e66a3dd5/SvjediGenotyper/2e257cd6-ddce-4afc-8a96-19ebfb882341/call-SvjediGenotyper/kanpig_experiments/svjedi_regenotyped.vcf.gz	gs://fc-47cafb43-6f94-4d16-a9b7-3c19de340d08/submissions/62742ed6-fcf9-4691-a6c3-cc182d9e1ae6/SvjediGenotyper/86b9519b-2b77-420c-8844-28f5d71f1535/call-SvjediGenotyper/kanpig_experiments/svjedi_regenotyped.vcf.gz
HG01358	gs://fc-47cafb43-6f94-4d16-a9b7-3c19de340d08/submissions/057a367d-f203-4378-b933-c4f88cdbd5e2/SvjediGenotyper/0b394b09-6a72-4b73-b670-0350831921ed/call-SvjediGenotyper/kanpig_experiments/svjedi_regenotyped.vcf.gz	gs://fc-47cafb43-6f94-4d16-a9b7-3c19de340d08/submissions/27479f05-0455-4866-8d5f-7fd2512966d1/SvjediGenotyper/987b51a0-2976-4260-9387-aa286566f686/call-SvjediGenotyper/kanpig_experiments/svjedi_regenotyped.vcf.gz		gs://fc-47cafb43-6f94-4d16-a9b7-3c19de340d08/submissions/f440f18f-338b-4ec9-b8d2-1c6e4571f671/SvjediGenotyper/17f12dfe-f010-4c37-a9bd-602e9c80a94f/call-SvjediGenotyper/kanpig_experiments/svjedi_regenotyped.vcf.gz	gs://fc-47cafb43-6f94-4d16-a9b7-3c19de340d08/submissions/03575012-318d-4019-8eaf-8f1df04aaa87/SvjediGenotyper/e77bf649-78d8-499c-bc5a-d0f33af103cf/call-SvjediGenotyper/kanpig_experiments/svjedi_regenotyped.vcf.gz	gs://fc-47cafb43-6f94-4d16-a9b7-3c19de340d08/submissions/f480f660-922e-49e8-add4-1be8e66a3dd5/SvjediGenotyper/3d89227c-8035-4a80-987d-d8b0ae252746/call-SvjediGenotyper/kanpig_experiments/svjedi_regenotyped.vcf.gz	gs://fc-47cafb43-6f94-4d16-a9b7-3c19de340d08/submissions/62742ed6-fcf9-4691-a6c3-cc182d9e1ae6/SvjediGenotyper/1ee3c886-7b47-4849-88af-e4f3d32169fa/call-SvjediGenotyper/kanpig_experiments/svjedi_regenotyped.vcf.gz
HG01361	gs://fc-47cafb43-6f94-4d16-a9b7-3c19de340d08/submissions/057a367d-f203-4378-b933-c4f88cdbd5e2/SvjediGenotyper/d2c9c533-893c-47cc-abda-75db99e18965/call-SvjediGenotyper/kanpig_experiments/svjedi_regenotyped.vcf.gz	gs://fc-47cafb43-6f94-4d16-a9b7-3c19de340d08/submissions/27479f05-0455-4866-8d5f-7fd2512966d1/SvjediGenotyper/2b86d2b9-20ad-4fef-b4f7-a26dcea5fd1b/call-SvjediGenotyper/kanpig_experiments/svjedi_regenotyped.vcf.gz		gs://fc-47cafb43-6f94-4d16-a9b7-3c19de340d08/submissions/f440f18f-338b-4ec9-b8d2-1c6e4571f671/SvjediGenotyper/aefe642e-f9b7-42e8-b758-70bfde37c571/call-SvjediGenotyper/kanpig_experiments/svjedi_regenotyped.vcf.gz	gs://fc-47cafb43-6f94-4d16-a9b7-3c19de340d08/submissions/03575012-318d-4019-8eaf-8f1df04aaa87/SvjediGenotyper/bc9bf970-7bab-4e76-b966-1fecbbf2c1da/call-SvjediGenotyper/kanpig_experiments/svjedi_regenotyped.vcf.gz	gs://fc-47cafb43-6f94-4d16-a9b7-3c19de340d08/submissions/f480f660-922e-49e8-add4-1be8e66a3dd5/SvjediGenotyper/f9a3638b-12a7-4327-9556-8febd294e814/call-SvjediGenotyper/kanpig_experiments/svjedi_regenotyped.vcf.gz	gs://fc-47cafb43-6f94-4d16-a9b7-3c19de340d08/submissions/62742ed6-fcf9-4691-a6c3-cc182d9e1ae6/SvjediGenotyper/825cdb1b-4471-47bf-9fb4-37d500227163/call-SvjediGenotyper/kanpig_experiments/svjedi_regenotyped.vcf.gz
HG01891	gs://fc-47cafb43-6f94-4d16-a9b7-3c19de340d08/submissions/057a367d-f203-4378-b933-c4f88cdbd5e2/SvjediGenotyper/584d3fd6-473f-42cf-8cf8-74538dc8cead/call-SvjediGenotyper/kanpig_experiments/svjedi_regenotyped.vcf.gz	gs://fc-47cafb43-6f94-4d16-a9b7-3c19de340d08/submissions/27479f05-0455-4866-8d5f-7fd2512966d1/SvjediGenotyper/cd9814ca-bbe7-4b02-8ee6-dc4a5e27b1b4/call-SvjediGenotyper/kanpig_experiments/svjedi_regenotyped.vcf.gz		gs://fc-47cafb43-6f94-4d16-a9b7-3c19de340d08/submissions/f440f18f-338b-4ec9-b8d2-1c6e4571f671/SvjediGenotyper/329a316b-5002-4588-89af-03f1178f2826/call-SvjediGenotyper/kanpig_experiments/svjedi_regenotyped.vcf.gz	gs://fc-47cafb43-6f94-4d16-a9b7-3c19de340d08/submissions/03575012-318d-4019-8eaf-8f1df04aaa87/SvjediGenotyper/2c59d88e-a21f-4415-bb74-d7652964fdea/call-SvjediGenotyper/kanpig_experiments/svjedi_regenotyped.vcf.gz	gs://fc-47cafb43-6f94-4d16-a9b7-3c19de340d08/submissions/f480f660-922e-49e8-add4-1be8e66a3dd5/SvjediGenotyper/e6358634-85d4-42c0-a785-f49dd9f02968/call-SvjediGenotyper/kanpig_experiments/svjedi_regenotyped.vcf.gz	gs://fc-47cafb43-6f94-4d16-a9b7-3c19de340d08/submissions/62742ed6-fcf9-4691-a6c3-cc182d9e1ae6/SvjediGenotyper/c979134d-1d93-40ac-8192-8afe7405f6c0/call-SvjediGenotyper/kanpig_experiments/svjedi_regenotyped.vcf.gz
HG01928	gs://fc-47cafb43-6f94-4d16-a9b7-3c19de340d08/submissions/057a367d-f203-4378-b933-c4f88cdbd5e2/SvjediGenotyper/0ee2c474-64fa-47de-801a-1dc55310e0a9/call-SvjediGenotyper/kanpig_experiments/svjedi_regenotyped.vcf.gz	gs://fc-47cafb43-6f94-4d16-a9b7-3c19de340d08/submissions/27479f05-0455-4866-8d5f-7fd2512966d1/SvjediGenotyper/525608cb-f473-491a-80a3-da9c2df6db8b/call-SvjediGenotyper/kanpig_experiments/svjedi_regenotyped.vcf.gz	gs://fc-47cafb43-6f94-4d16-a9b7-3c19de340d08/submissions/5d6a00a5-42fe-4977-9994-cf266ec50196/SvjediGenotyper/d9b1c92b-4b59-46ad-b915-a1de31afc0f2/call-SvjediGenotyper/kanpig_experiments/svjedi_regenotyped.vcf.gz	gs://fc-47cafb43-6f94-4d16-a9b7-3c19de340d08/submissions/f440f18f-338b-4ec9-b8d2-1c6e4571f671/SvjediGenotyper/ff218758-2220-4f03-b081-ca64ef25bf84/call-SvjediGenotyper/kanpig_experiments/svjedi_regenotyped.vcf.gz	gs://fc-47cafb43-6f94-4d16-a9b7-3c19de340d08/submissions/03575012-318d-4019-8eaf-8f1df04aaa87/SvjediGenotyper/c1bf6088-05bb-4e5a-86df-8510e4511df2/call-SvjediGenotyper/kanpig_experiments/svjedi_regenotyped.vcf.gz	gs://fc-47cafb43-6f94-4d16-a9b7-3c19de340d08/submissions/f480f660-922e-49e8-add4-1be8e66a3dd5/SvjediGenotyper/dbc63517-fad6-4049-afd5-67a03eca9a00/call-SvjediGenotyper/kanpig_experiments/svjedi_regenotyped.vcf.gz	gs://fc-47cafb43-6f94-4d16-a9b7-3c19de340d08/submissions/62742ed6-fcf9-4691-a6c3-cc182d9e1ae6/SvjediGenotyper/2e83b02c-1fb1-4f9d-b968-9bd0c20ccdd1/call-SvjediGenotyper/kanpig_experiments/svjedi_regenotyped.vcf.gz
HG01952	gs://fc-47cafb43-6f94-4d16-a9b7-3c19de340d08/submissions/057a367d-f203-4378-b933-c4f88cdbd5e2/SvjediGenotyper/7cf5724f-b289-42d6-9c32-3d6b640e1fa8/call-SvjediGenotyper/kanpig_experiments/svjedi_regenotyped.vcf.gz	gs://fc-47cafb43-6f94-4d16-a9b7-3c19de340d08/submissions/27479f05-0455-4866-8d5f-7fd2512966d1/SvjediGenotyper/fcef08c2-a05b-4d72-bc75-757987519702/call-SvjediGenotyper/kanpig_experiments/svjedi_regenotyped.vcf.gz		gs://fc-47cafb43-6f94-4d16-a9b7-3c19de340d08/submissions/f440f18f-338b-4ec9-b8d2-1c6e4571f671/SvjediGenotyper/95c2bd20-d2b1-4158-912e-20fda5d700b3/call-SvjediGenotyper/kanpig_experiments/svjedi_regenotyped.vcf.gz	gs://fc-47cafb43-6f94-4d16-a9b7-3c19de340d08/submissions/03575012-318d-4019-8eaf-8f1df04aaa87/SvjediGenotyper/a41ec811-2bd2-4cf9-807a-c0d39c65c892/call-SvjediGenotyper/kanpig_experiments/svjedi_regenotyped.vcf.gz	gs://fc-47cafb43-6f94-4d16-a9b7-3c19de340d08/submissions/f480f660-922e-49e8-add4-1be8e66a3dd5/SvjediGenotyper/60d2927e-d6cb-43af-8953-31c4cb502fe0/call-SvjediGenotyper/kanpig_experiments/svjedi_regenotyped.vcf.gz	gs://fc-47cafb43-6f94-4d16-a9b7-3c19de340d08/submissions/62742ed6-fcf9-4691-a6c3-cc182d9e1ae6/SvjediGenotyper/4ded3975-aa05-459e-af87-76dc48f4fabf/call-SvjediGenotyper/kanpig_experiments/svjedi_regenotyped.vcf.gz
HG01978	gs://fc-47cafb43-6f94-4d16-a9b7-3c19de340d08/submissions/057a367d-f203-4378-b933-c4f88cdbd5e2/SvjediGenotyper/bf6657cc-0ebb-41ce-8ad8-0ff995896542/call-SvjediGenotyper/kanpig_experiments/svjedi_regenotyped.vcf.gz	gs://fc-47cafb43-6f94-4d16-a9b7-3c19de340d08/submissions/27479f05-0455-4866-8d5f-7fd2512966d1/SvjediGenotyper/0fcd727f-5f3e-4f54-8f7e-b74982c78a43/call-SvjediGenotyper/kanpig_experiments/svjedi_regenotyped.vcf.gz		gs://fc-47cafb43-6f94-4d16-a9b7-3c19de340d08/submissions/f440f18f-338b-4ec9-b8d2-1c6e4571f671/SvjediGenotyper/b7237fbe-edf8-416d-9b22-8adbd34d82ea/call-SvjediGenotyper/kanpig_experiments/svjedi_regenotyped.vcf.gz	gs://fc-47cafb43-6f94-4d16-a9b7-3c19de340d08/submissions/03575012-318d-4019-8eaf-8f1df04aaa87/SvjediGenotyper/a9cd8222-c04f-4a44-9168-80848356f66a/call-SvjediGenotyper/kanpig_experiments/svjedi_regenotyped.vcf.gz	gs://fc-47cafb43-6f94-4d16-a9b7-3c19de340d08/submissions/f480f660-922e-49e8-add4-1be8e66a3dd5/SvjediGenotyper/b2c2fd63-ae8d-4f7d-b1b6-28e414f600bf/call-SvjediGenotyper/kanpig_experiments/svjedi_regenotyped.vcf.gz	gs://fc-47cafb43-6f94-4d16-a9b7-3c19de340d08/submissions/62742ed6-fcf9-4691-a6c3-cc182d9e1ae6/SvjediGenotyper/41675880-d656-4706-b862-2643af84edb8/call-SvjediGenotyper/kanpig_experiments/svjedi_regenotyped.vcf.gz
HG02055	gs://fc-47cafb43-6f94-4d16-a9b7-3c19de340d08/submissions/057a367d-f203-4378-b933-c4f88cdbd5e2/SvjediGenotyper/98ebef64-5775-466d-8378-5cfd7483de86/call-SvjediGenotyper/kanpig_experiments/svjedi_regenotyped.vcf.gz	gs://fc-47cafb43-6f94-4d16-a9b7-3c19de340d08/submissions/27479f05-0455-4866-8d5f-7fd2512966d1/SvjediGenotyper/d41b3667-5d81-46ba-9c28-3efe5486f6ea/call-SvjediGenotyper/kanpig_experiments/svjedi_regenotyped.vcf.gz		gs://fc-47cafb43-6f94-4d16-a9b7-3c19de340d08/submissions/f440f18f-338b-4ec9-b8d2-1c6e4571f671/SvjediGenotyper/eebef550-1633-4ff7-888d-8041c78c3901/call-SvjediGenotyper/kanpig_experiments/svjedi_regenotyped.vcf.gz	gs://fc-47cafb43-6f94-4d16-a9b7-3c19de340d08/submissions/03575012-318d-4019-8eaf-8f1df04aaa87/SvjediGenotyper/0568b9a6-5282-43fc-b164-13df5d06c1eb/call-SvjediGenotyper/kanpig_experiments/svjedi_regenotyped.vcf.gz	gs://fc-47cafb43-6f94-4d16-a9b7-3c19de340d08/submissions/f480f660-922e-49e8-add4-1be8e66a3dd5/SvjediGenotyper/8c2ef162-4254-4e54-966c-c33ba28f8478/call-SvjediGenotyper/kanpig_experiments/svjedi_regenotyped.vcf.gz	gs://fc-47cafb43-6f94-4d16-a9b7-3c19de340d08/submissions/62742ed6-fcf9-4691-a6c3-cc182d9e1ae6/SvjediGenotyper/6ef0d1f0-5c59-4413-abfe-013137bb05ed/call-SvjediGenotyper/kanpig_experiments/svjedi_regenotyped.vcf.gz
HG02080	gs://fc-47cafb43-6f94-4d16-a9b7-3c19de340d08/submissions/057a367d-f203-4378-b933-c4f88cdbd5e2/SvjediGenotyper/00f506ca-402f-4dd2-9442-5f973a964626/call-SvjediGenotyper/kanpig_experiments/svjedi_regenotyped.vcf.gz	gs://fc-47cafb43-6f94-4d16-a9b7-3c19de340d08/submissions/27479f05-0455-4866-8d5f-7fd2512966d1/SvjediGenotyper/9c925e83-d1ab-41d7-86d5-d5c12c83ab7a/call-SvjediGenotyper/kanpig_experiments/svjedi_regenotyped.vcf.gz		gs://fc-47cafb43-6f94-4d16-a9b7-3c19de340d08/submissions/f440f18f-338b-4ec9-b8d2-1c6e4571f671/SvjediGenotyper/489e014f-0ebf-4547-ad48-7363f6f8572d/call-SvjediGenotyper/kanpig_experiments/svjedi_regenotyped.vcf.gz	gs://fc-47cafb43-6f94-4d16-a9b7-3c19de340d08/submissions/03575012-318d-4019-8eaf-8f1df04aaa87/SvjediGenotyper/434176fe-2ccc-4ff9-b3cf-ccc484b3614b/call-SvjediGenotyper/kanpig_experiments/svjedi_regenotyped.vcf.gz	gs://fc-47cafb43-6f94-4d16-a9b7-3c19de340d08/submissions/f480f660-922e-49e8-add4-1be8e66a3dd5/SvjediGenotyper/87e180f0-7697-4531-b7f8-43b5d825b5fa/call-SvjediGenotyper/kanpig_experiments/svjedi_regenotyped.vcf.gz	gs://fc-47cafb43-6f94-4d16-a9b7-3c19de340d08/submissions/62742ed6-fcf9-4691-a6c3-cc182d9e1ae6/SvjediGenotyper/040eb1d2-08dc-446c-b319-98ff49b0a0db/call-SvjediGenotyper/kanpig_experiments/svjedi_regenotyped.vcf.gz
HG02109	gs://fc-47cafb43-6f94-4d16-a9b7-3c19de340d08/submissions/057a367d-f203-4378-b933-c4f88cdbd5e2/SvjediGenotyper/e3b44a8f-b8c1-47d4-bdf1-5c41fdfc3d1a/call-SvjediGenotyper/kanpig_experiments/svjedi_regenotyped.vcf.gz			gs://fc-47cafb43-6f94-4d16-a9b7-3c19de340d08/submissions/f440f18f-338b-4ec9-b8d2-1c6e4571f671/SvjediGenotyper/955d67c7-f370-43c5-a378-7d33e56174f2/call-SvjediGenotyper/kanpig_experiments/svjedi_regenotyped.vcf.gz		gs://fc-47cafb43-6f94-4d16-a9b7-3c19de340d08/submissions/f480f660-922e-49e8-add4-1be8e66a3dd5/SvjediGenotyper/3e0c2880-e833-48e2-a764-b69e77a41555/call-SvjediGenotyper/kanpig_experiments/svjedi_regenotyped.vcf.gz	
HG02145	gs://fc-47cafb43-6f94-4d16-a9b7-3c19de340d08/submissions/057a367d-f203-4378-b933-c4f88cdbd5e2/SvjediGenotyper/6c8fad6f-5ebe-4fed-8518-4b9c9239630c/call-SvjediGenotyper/kanpig_experiments/svjedi_regenotyped.vcf.gz			gs://fc-47cafb43-6f94-4d16-a9b7-3c19de340d08/submissions/f440f18f-338b-4ec9-b8d2-1c6e4571f671/SvjediGenotyper/88cb1e57-51fc-4a70-9362-8d4b50b473e3/call-SvjediGenotyper/kanpig_experiments/svjedi_regenotyped.vcf.gz		gs://fc-47cafb43-6f94-4d16-a9b7-3c19de340d08/submissions/f480f660-922e-49e8-add4-1be8e66a3dd5/SvjediGenotyper/82f8f2d9-4051-4ee6-9ed2-8727c2231f2f/call-SvjediGenotyper/kanpig_experiments/svjedi_regenotyped.vcf.gz	
HG02148	gs://fc-47cafb43-6f94-4d16-a9b7-3c19de340d08/submissions/057a367d-f203-4378-b933-c4f88cdbd5e2/SvjediGenotyper/4b266788-94d8-4365-9de2-fdb6eed60574/call-SvjediGenotyper/kanpig_experiments/svjedi_regenotyped.vcf.gz	gs://fc-47cafb43-6f94-4d16-a9b7-3c19de340d08/submissions/27479f05-0455-4866-8d5f-7fd2512966d1/SvjediGenotyper/7ffe44ac-9abc-429c-bae1-bf179fd188f0/call-SvjediGenotyper/kanpig_experiments/svjedi_regenotyped.vcf.gz		gs://fc-47cafb43-6f94-4d16-a9b7-3c19de340d08/submissions/f440f18f-338b-4ec9-b8d2-1c6e4571f671/SvjediGenotyper/eb35f5d7-74ec-4296-8620-0934a24544fb/call-SvjediGenotyper/kanpig_experiments/svjedi_regenotyped.vcf.gz	gs://fc-47cafb43-6f94-4d16-a9b7-3c19de340d08/submissions/03575012-318d-4019-8eaf-8f1df04aaa87/SvjediGenotyper/a88374ce-299d-4b2f-b53e-9537c24f7ba5/call-SvjediGenotyper/kanpig_experiments/svjedi_regenotyped.vcf.gz	gs://fc-47cafb43-6f94-4d16-a9b7-3c19de340d08/submissions/f480f660-922e-49e8-add4-1be8e66a3dd5/SvjediGenotyper/1b273371-d1fe-432d-b193-662fc564f3c8/call-SvjediGenotyper/kanpig_experiments/svjedi_regenotyped.vcf.gz	gs://fc-47cafb43-6f94-4d16-a9b7-3c19de340d08/submissions/62742ed6-fcf9-4691-a6c3-cc182d9e1ae6/SvjediGenotyper/e8319bdd-bd75-4137-8c51-49c8ae59a0a0/call-SvjediGenotyper/kanpig_experiments/svjedi_regenotyped.vcf.gz
HG02257	gs://fc-47cafb43-6f94-4d16-a9b7-3c19de340d08/submissions/057a367d-f203-4378-b933-c4f88cdbd5e2/SvjediGenotyper/0cd4a5bc-4e6d-4258-8306-1032a7324b5f/call-SvjediGenotyper/kanpig_experiments/svjedi_regenotyped.vcf.gz	gs://fc-47cafb43-6f94-4d16-a9b7-3c19de340d08/submissions/27479f05-0455-4866-8d5f-7fd2512966d1/SvjediGenotyper/97f55faa-0523-43e0-9113-0cea108164c0/call-SvjediGenotyper/kanpig_experiments/svjedi_regenotyped.vcf.gz		gs://fc-47cafb43-6f94-4d16-a9b7-3c19de340d08/submissions/f440f18f-338b-4ec9-b8d2-1c6e4571f671/SvjediGenotyper/d45b5b86-e9bf-4b52-9d06-303f59cc24ed/call-SvjediGenotyper/kanpig_experiments/svjedi_regenotyped.vcf.gz	gs://fc-47cafb43-6f94-4d16-a9b7-3c19de340d08/submissions/03575012-318d-4019-8eaf-8f1df04aaa87/SvjediGenotyper/4290b10e-b6a7-4c18-b936-f0d87940154c/call-SvjediGenotyper/kanpig_experiments/svjedi_regenotyped.vcf.gz	gs://fc-47cafb43-6f94-4d16-a9b7-3c19de340d08/submissions/f480f660-922e-49e8-add4-1be8e66a3dd5/SvjediGenotyper/8460737b-aa16-4014-8ceb-e744e211166f/call-SvjediGenotyper/kanpig_experiments/svjedi_regenotyped.vcf.gz	gs://fc-47cafb43-6f94-4d16-a9b7-3c19de340d08/submissions/62742ed6-fcf9-4691-a6c3-cc182d9e1ae6/SvjediGenotyper/fcc4ff98-f99d-4580-9d65-bbbadd3966e2/call-SvjediGenotyper/kanpig_experiments/svjedi_regenotyped.vcf.gz
HG02486	gs://fc-47cafb43-6f94-4d16-a9b7-3c19de340d08/submissions/057a367d-f203-4378-b933-c4f88cdbd5e2/SvjediGenotyper/c35cdd26-5355-47e6-b9b5-cbdd3b34e6d2/call-SvjediGenotyper/kanpig_experiments/svjedi_regenotyped.vcf.gz	gs://fc-47cafb43-6f94-4d16-a9b7-3c19de340d08/submissions/27479f05-0455-4866-8d5f-7fd2512966d1/SvjediGenotyper/2701e42e-f294-46ef-9210-55e1d85f82b2/call-SvjediGenotyper/kanpig_experiments/svjedi_regenotyped.vcf.gz		gs://fc-47cafb43-6f94-4d16-a9b7-3c19de340d08/submissions/f440f18f-338b-4ec9-b8d2-1c6e4571f671/SvjediGenotyper/76e9fd52-f12b-48d0-a2a6-b3d15d58b41d/call-SvjediGenotyper/kanpig_experiments/svjedi_regenotyped.vcf.gz	gs://fc-47cafb43-6f94-4d16-a9b7-3c19de340d08/submissions/03575012-318d-4019-8eaf-8f1df04aaa87/SvjediGenotyper/bb427573-f4db-47b1-bd85-7c5553bbcb99/call-SvjediGenotyper/kanpig_experiments/svjedi_regenotyped.vcf.gz	gs://fc-47cafb43-6f94-4d16-a9b7-3c19de340d08/submissions/f480f660-922e-49e8-add4-1be8e66a3dd5/SvjediGenotyper/45a56134-c633-4fc9-9073-327a730dbc26/call-SvjediGenotyper/kanpig_experiments/svjedi_regenotyped.vcf.gz	gs://fc-47cafb43-6f94-4d16-a9b7-3c19de340d08/submissions/62742ed6-fcf9-4691-a6c3-cc182d9e1ae6/SvjediGenotyper/18263517-9f6f-42c7-a090-d607d9429aee/call-SvjediGenotyper/kanpig_experiments/svjedi_regenotyped.vcf.gz
HG02559	gs://fc-47cafb43-6f94-4d16-a9b7-3c19de340d08/submissions/057a367d-f203-4378-b933-c4f88cdbd5e2/SvjediGenotyper/b5f9ec0f-855a-40ef-88c4-d701a8db8ea1/call-SvjediGenotyper/kanpig_experiments/svjedi_regenotyped.vcf.gz	gs://fc-47cafb43-6f94-4d16-a9b7-3c19de340d08/submissions/27479f05-0455-4866-8d5f-7fd2512966d1/SvjediGenotyper/46b09783-3cd5-48f4-b180-8ae3f33409cc/call-SvjediGenotyper/kanpig_experiments/svjedi_regenotyped.vcf.gz		gs://fc-47cafb43-6f94-4d16-a9b7-3c19de340d08/submissions/f440f18f-338b-4ec9-b8d2-1c6e4571f671/SvjediGenotyper/87718918-c6aa-460e-9642-043ebc20ef6b/call-SvjediGenotyper/kanpig_experiments/svjedi_regenotyped.vcf.gz	gs://fc-47cafb43-6f94-4d16-a9b7-3c19de340d08/submissions/03575012-318d-4019-8eaf-8f1df04aaa87/SvjediGenotyper/0a2c40b3-aee5-4cc8-894c-3a47a91d7a5b/call-SvjediGenotyper/kanpig_experiments/svjedi_regenotyped.vcf.gz	gs://fc-47cafb43-6f94-4d16-a9b7-3c19de340d08/submissions/f480f660-922e-49e8-add4-1be8e66a3dd5/SvjediGenotyper/62b3cf6e-ed67-419a-a2ec-81bc6610eb79/call-SvjediGenotyper/kanpig_experiments/svjedi_regenotyped.vcf.gz	gs://fc-47cafb43-6f94-4d16-a9b7-3c19de340d08/submissions/62742ed6-fcf9-4691-a6c3-cc182d9e1ae6/SvjediGenotyper/884606c0-c641-4483-8f7a-5d29e558bff8/call-SvjediGenotyper/kanpig_experiments/svjedi_regenotyped.vcf.gz
HG02572	gs://fc-47cafb43-6f94-4d16-a9b7-3c19de340d08/submissions/057a367d-f203-4378-b933-c4f88cdbd5e2/SvjediGenotyper/e9ee3086-ad4d-49f8-9156-13ace1e3b4b2/call-SvjediGenotyper/kanpig_experiments/svjedi_regenotyped.vcf.gz	gs://fc-47cafb43-6f94-4d16-a9b7-3c19de340d08/submissions/27479f05-0455-4866-8d5f-7fd2512966d1/SvjediGenotyper/05b63b19-03d4-4bf6-a9b8-c4ffefd0eb2d/call-SvjediGenotyper/kanpig_experiments/svjedi_regenotyped.vcf.gz	gs://fc-47cafb43-6f94-4d16-a9b7-3c19de340d08/submissions/5d6a00a5-42fe-4977-9994-cf266ec50196/SvjediGenotyper/f1b61528-ab8c-402b-83b0-c951e1ec15b3/call-SvjediGenotyper/kanpig_experiments/svjedi_regenotyped.vcf.gz	gs://fc-47cafb43-6f94-4d16-a9b7-3c19de340d08/submissions/f440f18f-338b-4ec9-b8d2-1c6e4571f671/SvjediGenotyper/673441da-680e-4041-9d0e-b0fd40182b22/call-SvjediGenotyper/kanpig_experiments/svjedi_regenotyped.vcf.gz	gs://fc-47cafb43-6f94-4d16-a9b7-3c19de340d08/submissions/03575012-318d-4019-8eaf-8f1df04aaa87/SvjediGenotyper/8e648b0b-d3de-4536-a324-43bef29a0c67/call-SvjediGenotyper/kanpig_experiments/svjedi_regenotyped.vcf.gz	gs://fc-47cafb43-6f94-4d16-a9b7-3c19de340d08/submissions/f480f660-922e-49e8-add4-1be8e66a3dd5/SvjediGenotyper/b6535a19-0695-4e4a-903e-1abe62a2faa7/call-SvjediGenotyper/kanpig_experiments/svjedi_regenotyped.vcf.gz	gs://fc-47cafb43-6f94-4d16-a9b7-3c19de340d08/submissions/62742ed6-fcf9-4691-a6c3-cc182d9e1ae6/SvjediGenotyper/a69221f9-779e-40f4-8d81-d1fa2fe9c8b4/call-SvjediGenotyper/kanpig_experiments/svjedi_regenotyped.vcf.gz
HG02622	gs://fc-47cafb43-6f94-4d16-a9b7-3c19de340d08/submissions/057a367d-f203-4378-b933-c4f88cdbd5e2/SvjediGenotyper/ce5d6f71-0e61-4421-a8ef-ded89c406dfb/call-SvjediGenotyper/kanpig_experiments/svjedi_regenotyped.vcf.gz	gs://fc-47cafb43-6f94-4d16-a9b7-3c19de340d08/submissions/27479f05-0455-4866-8d5f-7fd2512966d1/SvjediGenotyper/210a5c66-8a91-4206-9740-a738dfed493b/call-SvjediGenotyper/kanpig_experiments/svjedi_regenotyped.vcf.gz		gs://fc-47cafb43-6f94-4d16-a9b7-3c19de340d08/submissions/f440f18f-338b-4ec9-b8d2-1c6e4571f671/SvjediGenotyper/aef0711c-9ab7-4419-8a17-2c35a4db6012/call-SvjediGenotyper/kanpig_experiments/svjedi_regenotyped.vcf.gz	gs://fc-47cafb43-6f94-4d16-a9b7-3c19de340d08/submissions/03575012-318d-4019-8eaf-8f1df04aaa87/SvjediGenotyper/a27f9742-7e59-450a-8a54-08b4f21c3817/call-SvjediGenotyper/kanpig_experiments/svjedi_regenotyped.vcf.gz	gs://fc-47cafb43-6f94-4d16-a9b7-3c19de340d08/submissions/f480f660-922e-49e8-add4-1be8e66a3dd5/SvjediGenotyper/886f0a19-fc61-4486-bb70-8d4779ea13f8/call-SvjediGenotyper/kanpig_experiments/svjedi_regenotyped.vcf.gz	gs://fc-47cafb43-6f94-4d16-a9b7-3c19de340d08/submissions/62742ed6-fcf9-4691-a6c3-cc182d9e1ae6/SvjediGenotyper/1eadb192-2ce1-4e74-9612-f5f533d4a386/call-SvjediGenotyper/kanpig_experiments/svjedi_regenotyped.vcf.gz
HG02630	gs://fc-47cafb43-6f94-4d16-a9b7-3c19de340d08/submissions/057a367d-f203-4378-b933-c4f88cdbd5e2/SvjediGenotyper/b7e13b82-0196-4c07-8b5d-ce00f70f2d6c/call-SvjediGenotyper/kanpig_experiments/svjedi_regenotyped.vcf.gz	gs://fc-47cafb43-6f94-4d16-a9b7-3c19de340d08/submissions/27479f05-0455-4866-8d5f-7fd2512966d1/SvjediGenotyper/709de2d3-07ec-49c9-bb57-6d00316214c0/call-SvjediGenotyper/kanpig_experiments/svjedi_regenotyped.vcf.gz		gs://fc-47cafb43-6f94-4d16-a9b7-3c19de340d08/submissions/f440f18f-338b-4ec9-b8d2-1c6e4571f671/SvjediGenotyper/1542bf9b-49b4-4df2-a308-adfa694eafb3/call-SvjediGenotyper/kanpig_experiments/svjedi_regenotyped.vcf.gz	gs://fc-47cafb43-6f94-4d16-a9b7-3c19de340d08/submissions/03575012-318d-4019-8eaf-8f1df04aaa87/SvjediGenotyper/85dbaf99-84d4-4e7c-85e0-542728226985/call-SvjediGenotyper/kanpig_experiments/svjedi_regenotyped.vcf.gz	gs://fc-47cafb43-6f94-4d16-a9b7-3c19de340d08/submissions/f480f660-922e-49e8-add4-1be8e66a3dd5/SvjediGenotyper/094b606e-5b65-4a63-afc7-77b89d7b8fa1/call-SvjediGenotyper/kanpig_experiments/svjedi_regenotyped.vcf.gz	gs://fc-47cafb43-6f94-4d16-a9b7-3c19de340d08/submissions/62742ed6-fcf9-4691-a6c3-cc182d9e1ae6/SvjediGenotyper/bfe2ebef-f846-43d3-bfaa-b953706c10b7/call-SvjediGenotyper/kanpig_experiments/svjedi_regenotyped.vcf.gz
HG02717	gs://fc-47cafb43-6f94-4d16-a9b7-3c19de340d08/submissions/057a367d-f203-4378-b933-c4f88cdbd5e2/SvjediGenotyper/f2d03d77-d443-40ae-b8a8-14f1e3248604/call-SvjediGenotyper/kanpig_experiments/svjedi_regenotyped.vcf.gz	gs://fc-47cafb43-6f94-4d16-a9b7-3c19de340d08/submissions/27479f05-0455-4866-8d5f-7fd2512966d1/SvjediGenotyper/3128d834-c06b-462d-993d-d5cebb6671f9/call-SvjediGenotyper/kanpig_experiments/svjedi_regenotyped.vcf.gz		gs://fc-47cafb43-6f94-4d16-a9b7-3c19de340d08/submissions/f440f18f-338b-4ec9-b8d2-1c6e4571f671/SvjediGenotyper/37fe77dc-32e7-463a-b38b-dcc36d0ff8d6/call-SvjediGenotyper/kanpig_experiments/svjedi_regenotyped.vcf.gz	gs://fc-47cafb43-6f94-4d16-a9b7-3c19de340d08/submissions/03575012-318d-4019-8eaf-8f1df04aaa87/SvjediGenotyper/7f53cafb-6f24-4909-9167-2e2acbdfac53/call-SvjediGenotyper/kanpig_experiments/svjedi_regenotyped.vcf.gz	gs://fc-47cafb43-6f94-4d16-a9b7-3c19de340d08/submissions/f480f660-922e-49e8-add4-1be8e66a3dd5/SvjediGenotyper/9c90ef75-b8a1-4606-9efc-194ddf5f926c/call-SvjediGenotyper/kanpig_experiments/svjedi_regenotyped.vcf.gz	gs://fc-47cafb43-6f94-4d16-a9b7-3c19de340d08/submissions/62742ed6-fcf9-4691-a6c3-cc182d9e1ae6/SvjediGenotyper/00af3dd5-7209-4907-abd8-5a810eda03e2/call-SvjediGenotyper/kanpig_experiments/svjedi_regenotyped.vcf.gz
HG02723	gs://fc-47cafb43-6f94-4d16-a9b7-3c19de340d08/submissions/057a367d-f203-4378-b933-c4f88cdbd5e2/SvjediGenotyper/97b8c643-df70-4fbe-abd7-51acec9b18a2/call-SvjediGenotyper/kanpig_experiments/svjedi_regenotyped.vcf.gz			gs://fc-47cafb43-6f94-4d16-a9b7-3c19de340d08/submissions/f440f18f-338b-4ec9-b8d2-1c6e4571f671/SvjediGenotyper/0c38ecc3-ddce-4bcb-95c2-7bcef3a88ce6/call-SvjediGenotyper/kanpig_experiments/svjedi_regenotyped.vcf.gz		gs://fc-47cafb43-6f94-4d16-a9b7-3c19de340d08/submissions/f480f660-922e-49e8-add4-1be8e66a3dd5/SvjediGenotyper/b98a536d-92e2-4e92-bd9e-d87c114dd1d8/call-SvjediGenotyper/kanpig_experiments/svjedi_regenotyped.vcf.gz	
HG02818	gs://fc-47cafb43-6f94-4d16-a9b7-3c19de340d08/submissions/057a367d-f203-4378-b933-c4f88cdbd5e2/SvjediGenotyper/bd1b742a-5c44-4856-b63c-788515c770e7/call-SvjediGenotyper/kanpig_experiments/svjedi_regenotyped.vcf.gz			gs://fc-47cafb43-6f94-4d16-a9b7-3c19de340d08/submissions/f440f18f-338b-4ec9-b8d2-1c6e4571f671/SvjediGenotyper/7f37f493-7dd8-43b0-8bbf-7341afc507bb/call-SvjediGenotyper/kanpig_experiments/svjedi_regenotyped.vcf.gz		gs://fc-47cafb43-6f94-4d16-a9b7-3c19de340d08/submissions/f480f660-922e-49e8-add4-1be8e66a3dd5/SvjediGenotyper/7be17c34-c8db-4786-8680-6d8726a73375/call-SvjediGenotyper/kanpig_experiments/svjedi_regenotyped.vcf.gz	
HG02886	gs://fc-47cafb43-6f94-4d16-a9b7-3c19de340d08/submissions/057a367d-f203-4378-b933-c4f88cdbd5e2/SvjediGenotyper/7c09f7d5-65c4-460b-9ea4-ccfe7bd44ed4/call-SvjediGenotyper/kanpig_experiments/svjedi_regenotyped.vcf.gz	gs://fc-47cafb43-6f94-4d16-a9b7-3c19de340d08/submissions/27479f05-0455-4866-8d5f-7fd2512966d1/SvjediGenotyper/659740c8-6a5e-4151-97ef-21f7091835c1/call-SvjediGenotyper/kanpig_experiments/svjedi_regenotyped.vcf.gz		gs://fc-47cafb43-6f94-4d16-a9b7-3c19de340d08/submissions/f440f18f-338b-4ec9-b8d2-1c6e4571f671/SvjediGenotyper/b0c10692-32b7-47db-862b-20a8f6f90dab/call-SvjediGenotyper/kanpig_experiments/svjedi_regenotyped.vcf.gz	gs://fc-47cafb43-6f94-4d16-a9b7-3c19de340d08/submissions/03575012-318d-4019-8eaf-8f1df04aaa87/SvjediGenotyper/cbfd24dc-5e94-4b01-af46-b8cfdbec8257/call-SvjediGenotyper/kanpig_experiments/svjedi_regenotyped.vcf.gz	gs://fc-47cafb43-6f94-4d16-a9b7-3c19de340d08/submissions/f480f660-922e-49e8-add4-1be8e66a3dd5/SvjediGenotyper/5b143785-7478-4c6a-9781-f35a84961c33/call-SvjediGenotyper/kanpig_experiments/svjedi_regenotyped.vcf.gz	gs://fc-47cafb43-6f94-4d16-a9b7-3c19de340d08/submissions/62742ed6-fcf9-4691-a6c3-cc182d9e1ae6/SvjediGenotyper/1efa6bc3-3b42-4dbe-870c-b41ce543457d/call-SvjediGenotyper/kanpig_experiments/svjedi_regenotyped.vcf.gz
HG03098	gs://fc-47cafb43-6f94-4d16-a9b7-3c19de340d08/submissions/057a367d-f203-4378-b933-c4f88cdbd5e2/SvjediGenotyper/dcf07558-da6f-4df2-a5d2-6a3bb425b337/call-SvjediGenotyper/kanpig_experiments/svjedi_regenotyped.vcf.gz	gs://fc-47cafb43-6f94-4d16-a9b7-3c19de340d08/submissions/27479f05-0455-4866-8d5f-7fd2512966d1/SvjediGenotyper/c7dda4e7-c5fc-49a2-9552-ec8faf293c80/call-SvjediGenotyper/kanpig_experiments/svjedi_regenotyped.vcf.gz	gs://fc-47cafb43-6f94-4d16-a9b7-3c19de340d08/submissions/5d6a00a5-42fe-4977-9994-cf266ec50196/SvjediGenotyper/74fce42b-925f-45b4-a6dd-cd68a8b221a5/call-SvjediGenotyper/kanpig_experiments/svjedi_regenotyped.vcf.gz	gs://fc-47cafb43-6f94-4d16-a9b7-3c19de340d08/submissions/f440f18f-338b-4ec9-b8d2-1c6e4571f671/SvjediGenotyper/23169ecc-e9de-46fa-a595-be5348bc5310/call-SvjediGenotyper/kanpig_experiments/svjedi_regenotyped.vcf.gz	gs://fc-47cafb43-6f94-4d16-a9b7-3c19de340d08/submissions/03575012-318d-4019-8eaf-8f1df04aaa87/SvjediGenotyper/90d5cf96-f826-43a0-9386-9cfcf7074f1c/call-SvjediGenotyper/kanpig_experiments/svjedi_regenotyped.vcf.gz	gs://fc-47cafb43-6f94-4d16-a9b7-3c19de340d08/submissions/f480f660-922e-49e8-add4-1be8e66a3dd5/SvjediGenotyper/ad8e9178-e3e0-4b32-b1c2-ec13401542f6/call-SvjediGenotyper/kanpig_experiments/svjedi_regenotyped.vcf.gz	gs://fc-47cafb43-6f94-4d16-a9b7-3c19de340d08/submissions/62742ed6-fcf9-4691-a6c3-cc182d9e1ae6/SvjediGenotyper/0c356cf2-d79a-4231-a1cd-6b3a525a3c1b/call-SvjediGenotyper/kanpig_experiments/svjedi_regenotyped.vcf.gz
HG03453	gs://fc-47cafb43-6f94-4d16-a9b7-3c19de340d08/submissions/057a367d-f203-4378-b933-c4f88cdbd5e2/SvjediGenotyper/a47066e6-5d34-4be2-af33-5514e313f6db/call-SvjediGenotyper/kanpig_experiments/svjedi_regenotyped.vcf.gz	gs://fc-47cafb43-6f94-4d16-a9b7-3c19de340d08/submissions/27479f05-0455-4866-8d5f-7fd2512966d1/SvjediGenotyper/1a188eb1-dfd2-4c12-8df0-a2b9b41f3da1/call-SvjediGenotyper/kanpig_experiments/svjedi_regenotyped.vcf.gz		gs://fc-47cafb43-6f94-4d16-a9b7-3c19de340d08/submissions/f440f18f-338b-4ec9-b8d2-1c6e4571f671/SvjediGenotyper/11797db6-a921-4a73-9c38-7aeac0d15119/call-SvjediGenotyper/kanpig_experiments/svjedi_regenotyped.vcf.gz	gs://fc-47cafb43-6f94-4d16-a9b7-3c19de340d08/submissions/03575012-318d-4019-8eaf-8f1df04aaa87/SvjediGenotyper/7a87f00e-b758-43c1-9614-4731a9392aed/call-SvjediGenotyper/kanpig_experiments/svjedi_regenotyped.vcf.gz	gs://fc-47cafb43-6f94-4d16-a9b7-3c19de340d08/submissions/f480f660-922e-49e8-add4-1be8e66a3dd5/SvjediGenotyper/4201f307-8755-43fc-975e-550c3c765637/call-SvjediGenotyper/kanpig_experiments/svjedi_regenotyped.vcf.gz	gs://fc-47cafb43-6f94-4d16-a9b7-3c19de340d08/submissions/62742ed6-fcf9-4691-a6c3-cc182d9e1ae6/SvjediGenotyper/b292c45d-3b18-421f-92d0-0665aa5a65ba/call-SvjediGenotyper/kanpig_experiments/svjedi_regenotyped.vcf.gz
HG03486	gs://fc-47cafb43-6f94-4d16-a9b7-3c19de340d08/submissions/057a367d-f203-4378-b933-c4f88cdbd5e2/SvjediGenotyper/a8b6b12c-a4d4-484b-9c54-f4875449c3a8/call-SvjediGenotyper/kanpig_experiments/svjedi_regenotyped.vcf.gz			gs://fc-47cafb43-6f94-4d16-a9b7-3c19de340d08/submissions/f440f18f-338b-4ec9-b8d2-1c6e4571f671/SvjediGenotyper/e70c8519-4fdc-4d67-8343-a938da35d952/call-SvjediGenotyper/kanpig_experiments/svjedi_regenotyped.vcf.gz		gs://fc-47cafb43-6f94-4d16-a9b7-3c19de340d08/submissions/f480f660-922e-49e8-add4-1be8e66a3dd5/SvjediGenotyper/88fb5f78-ca67-42f4-b13e-3cf39d8cc7c8/call-SvjediGenotyper/kanpig_experiments/svjedi_regenotyped.vcf.gz	
HG03492	gs://fc-47cafb43-6f94-4d16-a9b7-3c19de340d08/submissions/057a367d-f203-4378-b933-c4f88cdbd5e2/SvjediGenotyper/a8ac24e3-9b9a-4bee-b689-38e3c4bd4d17/call-SvjediGenotyper/kanpig_experiments/svjedi_regenotyped.vcf.gz	gs://fc-47cafb43-6f94-4d16-a9b7-3c19de340d08/submissions/27479f05-0455-4866-8d5f-7fd2512966d1/SvjediGenotyper/7a77bcd7-eff6-4e6a-8ec9-83495ecdd129/call-SvjediGenotyper/kanpig_experiments/svjedi_regenotyped.vcf.gz	gs://fc-47cafb43-6f94-4d16-a9b7-3c19de340d08/submissions/5d6a00a5-42fe-4977-9994-cf266ec50196/SvjediGenotyper/09460899-e791-4e4a-999e-16e49ba59ec1/call-SvjediGenotyper/kanpig_experiments/svjedi_regenotyped.vcf.gz	gs://fc-47cafb43-6f94-4d16-a9b7-3c19de340d08/submissions/f440f18f-338b-4ec9-b8d2-1c6e4571f671/SvjediGenotyper/eba2f570-b4c9-4238-889d-7ee809afb7dc/call-SvjediGenotyper/kanpig_experiments/svjedi_regenotyped.vcf.gz	gs://fc-47cafb43-6f94-4d16-a9b7-3c19de340d08/submissions/03575012-318d-4019-8eaf-8f1df04aaa87/SvjediGenotyper/3e026678-7235-4d8f-a025-a4aea9d7ee80/call-SvjediGenotyper/kanpig_experiments/svjedi_regenotyped.vcf.gz	gs://fc-47cafb43-6f94-4d16-a9b7-3c19de340d08/submissions/f480f660-922e-49e8-add4-1be8e66a3dd5/SvjediGenotyper/844a37ac-04eb-44e1-abff-55bb72e9b238/call-SvjediGenotyper/kanpig_experiments/svjedi_regenotyped.vcf.gz	gs://fc-47cafb43-6f94-4d16-a9b7-3c19de340d08/submissions/62742ed6-fcf9-4691-a6c3-cc182d9e1ae6/SvjediGenotyper/4d823a41-fefc-4dac-b05b-fc2a5f26e6a3/call-SvjediGenotyper/kanpig_experiments/svjedi_regenotyped.vcf.gz
HG03516	gs://fc-47cafb43-6f94-4d16-a9b7-3c19de340d08/submissions/057a367d-f203-4378-b933-c4f88cdbd5e2/SvjediGenotyper/82861928-062d-4de5-9b14-f7819bb11c77/call-SvjediGenotyper/kanpig_experiments/svjedi_regenotyped.vcf.gz	gs://fc-47cafb43-6f94-4d16-a9b7-3c19de340d08/submissions/27479f05-0455-4866-8d5f-7fd2512966d1/SvjediGenotyper/b4a321c4-0f4e-4278-8791-b1b6d284f1a4/call-SvjediGenotyper/kanpig_experiments/svjedi_regenotyped.vcf.gz	gs://fc-47cafb43-6f94-4d16-a9b7-3c19de340d08/submissions/5d6a00a5-42fe-4977-9994-cf266ec50196/SvjediGenotyper/aa164339-e771-41ae-b242-5f90610f40ce/call-SvjediGenotyper/kanpig_experiments/svjedi_regenotyped.vcf.gz	gs://fc-47cafb43-6f94-4d16-a9b7-3c19de340d08/submissions/f440f18f-338b-4ec9-b8d2-1c6e4571f671/SvjediGenotyper/66190f45-5b40-4268-9a39-7cea4c585ed2/call-SvjediGenotyper/kanpig_experiments/svjedi_regenotyped.vcf.gz	gs://fc-47cafb43-6f94-4d16-a9b7-3c19de340d08/submissions/03575012-318d-4019-8eaf-8f1df04aaa87/SvjediGenotyper/004b04e4-b3c8-4113-be90-c3e76e5b2d50/call-SvjediGenotyper/kanpig_experiments/svjedi_regenotyped.vcf.gz	gs://fc-47cafb43-6f94-4d16-a9b7-3c19de340d08/submissions/f480f660-922e-49e8-add4-1be8e66a3dd5/SvjediGenotyper/071bee2f-8ff6-46e6-b599-76866d479b9d/call-SvjediGenotyper/kanpig_experiments/svjedi_regenotyped.vcf.gz	gs://fc-47cafb43-6f94-4d16-a9b7-3c19de340d08/submissions/62742ed6-fcf9-4691-a6c3-cc182d9e1ae6/SvjediGenotyper/892d908c-cd47-48d8-8186-eec1b1ebfcbb/call-SvjediGenotyper/kanpig_experiments/svjedi_regenotyped.vcf.gz
HG03540	gs://fc-47cafb43-6f94-4d16-a9b7-3c19de340d08/submissions/057a367d-f203-4378-b933-c4f88cdbd5e2/SvjediGenotyper/6d31602a-bbf9-46c1-9f75-f2acc2cbb1ba/call-SvjediGenotyper/kanpig_experiments/svjedi_regenotyped.vcf.gz	gs://fc-47cafb43-6f94-4d16-a9b7-3c19de340d08/submissions/27479f05-0455-4866-8d5f-7fd2512966d1/SvjediGenotyper/3b0dc202-129c-4802-9575-4290c40dc4f3/call-SvjediGenotyper/kanpig_experiments/svjedi_regenotyped.vcf.gz		gs://fc-47cafb43-6f94-4d16-a9b7-3c19de340d08/submissions/f440f18f-338b-4ec9-b8d2-1c6e4571f671/SvjediGenotyper/0dd0b261-39d3-45bf-85d5-92f5c0fa0002/call-SvjediGenotyper/kanpig_experiments/svjedi_regenotyped.vcf.gz	gs://fc-47cafb43-6f94-4d16-a9b7-3c19de340d08/submissions/03575012-318d-4019-8eaf-8f1df04aaa87/SvjediGenotyper/4447ed00-d197-4730-9e96-02d639629de3/call-SvjediGenotyper/kanpig_experiments/svjedi_regenotyped.vcf.gz	gs://fc-47cafb43-6f94-4d16-a9b7-3c19de340d08/submissions/f480f660-922e-49e8-add4-1be8e66a3dd5/SvjediGenotyper/960a8712-0ec7-4440-aad0-bfa0809fc385/call-SvjediGenotyper/kanpig_experiments/svjedi_regenotyped.vcf.gz	gs://fc-47cafb43-6f94-4d16-a9b7-3c19de340d08/submissions/62742ed6-fcf9-4691-a6c3-cc182d9e1ae6/SvjediGenotyper/4db24678-292d-48e5-82dc-4906d86806dc/call-SvjediGenotyper/kanpig_experiments/svjedi_regenotyped.vcf.gz
HG03579	gs://fc-47cafb43-6f94-4d16-a9b7-3c19de340d08/submissions/057a367d-f203-4378-b933-c4f88cdbd5e2/SvjediGenotyper/4509f113-7344-4a24-bb24-c252325db6fe/call-SvjediGenotyper/kanpig_experiments/svjedi_regenotyped.vcf.gz	gs://fc-47cafb43-6f94-4d16-a9b7-3c19de340d08/submissions/27479f05-0455-4866-8d5f-7fd2512966d1/SvjediGenotyper/215c2abc-006c-4457-903e-50630333b306/call-SvjediGenotyper/kanpig_experiments/svjedi_regenotyped.vcf.gz		gs://fc-47cafb43-6f94-4d16-a9b7-3c19de340d08/submissions/f440f18f-338b-4ec9-b8d2-1c6e4571f671/SvjediGenotyper/3b17ef24-40ac-48fd-bffb-387b4b5ae21d/call-SvjediGenotyper/kanpig_experiments/svjedi_regenotyped.vcf.gz	gs://fc-47cafb43-6f94-4d16-a9b7-3c19de340d08/submissions/03575012-318d-4019-8eaf-8f1df04aaa87/SvjediGenotyper/e73e6747-713f-429e-ba47-16d48b144f73/call-SvjediGenotyper/kanpig_experiments/svjedi_regenotyped.vcf.gz	gs://fc-47cafb43-6f94-4d16-a9b7-3c19de340d08/submissions/f480f660-922e-49e8-add4-1be8e66a3dd5/SvjediGenotyper/99d7252e-5d4c-4b79-84eb-241042c228a1/call-SvjediGenotyper/kanpig_experiments/svjedi_regenotyped.vcf.gz	gs://fc-47cafb43-6f94-4d16-a9b7-3c19de340d08/submissions/62742ed6-fcf9-4691-a6c3-cc182d9e1ae6/SvjediGenotyper/94cdf43b-f24b-4ce1-8814-f596ffb61151/call-SvjediGenotyper/kanpig_experiments/svjedi_regenotyped.vcf.gz
NA18906	gs://fc-47cafb43-6f94-4d16-a9b7-3c19de340d08/submissions/057a367d-f203-4378-b933-c4f88cdbd5e2/SvjediGenotyper/31181489-0219-4ebd-a01a-f97019ccb58a/call-SvjediGenotyper/kanpig_experiments/svjedi_regenotyped.vcf.gz			gs://fc-47cafb43-6f94-4d16-a9b7-3c19de340d08/submissions/f440f18f-338b-4ec9-b8d2-1c6e4571f671/SvjediGenotyper/107b37f8-16ce-4eb5-88c6-d7b6df0d13b6/call-SvjediGenotyper/kanpig_experiments/svjedi_regenotyped.vcf.gz		gs://fc-47cafb43-6f94-4d16-a9b7-3c19de340d08/submissions/f480f660-922e-49e8-add4-1be8e66a3dd5/SvjediGenotyper/ed99735d-594f-4f18-b02b-bc3687428fec/call-SvjediGenotyper/kanpig_experiments/svjedi_regenotyped.vcf.gz	
NA19240	gs://fc-47cafb43-6f94-4d16-a9b7-3c19de340d08/submissions/057a367d-f203-4378-b933-c4f88cdbd5e2/SvjediGenotyper/301ca2f1-e812-4308-abad-a4c570ea615f/call-SvjediGenotyper/kanpig_experiments/svjedi_regenotyped.vcf.gz			gs://fc-47cafb43-6f94-4d16-a9b7-3c19de340d08/submissions/f440f18f-338b-4ec9-b8d2-1c6e4571f671/SvjediGenotyper/ef47007e-e6e1-4461-93ca-8deedb73cc3b/call-SvjediGenotyper/kanpig_experiments/svjedi_regenotyped.vcf.gz		gs://fc-47cafb43-6f94-4d16-a9b7-3c19de340d08/submissions/f480f660-922e-49e8-add4-1be8e66a3dd5/SvjediGenotyper/e7660a18-0ca7-402c-b090-02950447aaab/call-SvjediGenotyper/kanpig_experiments/svjedi_regenotyped.vcf.gz	
NA20129	gs://fc-47cafb43-6f94-4d16-a9b7-3c19de340d08/submissions/057a367d-f203-4378-b933-c4f88cdbd5e2/SvjediGenotyper/2d4f8a82-8628-40f2-b056-91594900beff/call-SvjediGenotyper/kanpig_experiments/svjedi_regenotyped.vcf.gz			gs://fc-47cafb43-6f94-4d16-a9b7-3c19de340d08/submissions/f440f18f-338b-4ec9-b8d2-1c6e4571f671/SvjediGenotyper/28e94a08-d0ef-4984-b6e2-a96d9b260402/call-SvjediGenotyper/kanpig_experiments/svjedi_regenotyped.vcf.gz		gs://fc-47cafb43-6f94-4d16-a9b7-3c19de340d08/submissions/f480f660-922e-49e8-add4-1be8e66a3dd5/SvjediGenotyper/d5a9983b-653f-44bb-8ff6-954ef7878c88/call-SvjediGenotyper/kanpig_experiments/svjedi_regenotyped.vcf.gz	
NA21309	gs://fc-47cafb43-6f94-4d16-a9b7-3c19de340d08/submissions/057a367d-f203-4378-b933-c4f88cdbd5e2/SvjediGenotyper/fa6fda96-1cf1-4bab-883e-16de8380bbf2/call-SvjediGenotyper/kanpig_experiments/svjedi_regenotyped.vcf.gz			gs://fc-47cafb43-6f94-4d16-a9b7-3c19de340d08/submissions/f440f18f-338b-4ec9-b8d2-1c6e4571f671/SvjediGenotyper/75038e30-10f9-470a-be1a-953dd379dd65/call-SvjediGenotyper/kanpig_experiments/svjedi_regenotyped.vcf.gz		gs://fc-47cafb43-6f94-4d16-a9b7-3c19de340d08/submissions/f480f660-922e-49e8-add4-1be8e66a3dd5/SvjediGenotyper/a4f6e156-17a0-4311-9f83-21fab11ac34b/call-SvjediGenotyper/kanpig_experiments/svjedi_regenotyped.vcf.gz	
